{"cameraMode":{"drawMode":0,"name":"Shaded","section":"Shading Mode"},"sceneLighting":false,"audioPlay":false,"sceneViewState":{"showFog":true,"showMaterialUpdate":false,"showSkybox":false,"showFlares":true,"showImageEffects":true,"showParticleSystems":true,"showVisualEffectGraphs":true,"m_FxEnabled":true},"in2DMode":false,"pivot":{"x":0.11053311824798584,"y":2.116119146347046,"z":0.40282049775123598},"rotation":{"x":-0.0004756285925395787,"y":-0.9988637566566467,"z":-0.005985062103718519,"w":0.050696201622486117},"size":2.2554945945739748,"orthographic":false}