{"cameraMode":{"drawMode":0,"name":"Shaded","section":"Shading Mode"},"sceneLighting":false,"audioPlay":false,"sceneViewState":{"showFog":true,"showMaterialUpdate":false,"showSkybox":false,"showFlares":true,"showImageEffects":true,"showParticleSystems":true,"showVisualEffectGraphs":true,"m_FxEnabled":true},"in2DMode":false,"pivot":{"x":0.11053311824798584,"y":2.116119146347046,"z":0.40282049775123598},"rotation":{"x":0.017993316054344178,"y":-0.9723724126815796,"z":0.08043200522661209,"w":0.21919584274291993},"size":2.855494499206543,"orthographic":false}