{"cameraMode":{"drawMode":0,"name":"Shaded","section":"Shading Mode"},"sceneLighting":false,"audioPlay":false,"sceneViewState":{"showFog":true,"showMaterialUpdate":false,"showSkybox":false,"showFlares":true,"showImageEffects":true,"showParticleSystems":true,"showVisualEffectGraphs":true,"m_FxEnabled":true},"in2DMode":false,"pivot":{"x":0.11053311824798584,"y":2.116119146347046,"z":0.40282049775123598},"rotation":{"x":0.003897840389981866,"y":-0.9780144095420837,"z":0.20845787227153779,"w":0.01881486177444458},"size":1.9554946422576905,"orthographic":false}