{"cameraMode":{"drawMode":0,"name":"Shaded","section":"Shading Mode"},"sceneLighting":true,"audioPlay":false,"sceneViewState":{"showFog":true,"showMaterialUpdate":false,"showSkybox":true,"showFlares":true,"showImageEffects":true,"showParticleSystems":true,"showVisualEffectGraphs":true,"m_FxEnabled":true},"in2DMode":false,"pivot":{"x":47.562374114990237,"y":12.116216659545899,"z":130.8938751220703},"rotation":{"x":0.021249398589134218,"y":-0.9371809363365173,"z":0.05800415202975273,"w":0.34346699714660647},"size":15.081134796142579,"orthographic":false}