{"cameraMode":{"drawMode":0,"name":"Shaded","section":"Shading Mode"},"sceneLighting":true,"audioPlay":false,"sceneViewState":{"showFog":true,"showMaterialUpdate":false,"showSkybox":true,"showFlares":true,"showImageEffects":true,"showParticleSystems":true,"showVisualEffectGraphs":true,"m_FxEnabled":true},"in2DMode":false,"pivot":{"x":31.400768280029298,"y":24.01616096496582,"z":-104.10662841796875},"rotation":{"x":0.005666527897119522,"y":0.3522876799106598,"z":0.0019821093883365394,"w":-0.9360421895980835},"size":19.069604873657228,"orthographic":false}