{"cameraMode":{"drawMode":0,"name":"Shaded","section":"Shading Mode"},"sceneLighting":true,"audioPlay":false,"sceneViewState":{"showFog":true,"showMaterialUpdate":false,"showSkybox":true,"showFlares":true,"showImageEffects":true,"showParticleSystems":true,"showVisualEffectGraphs":true,"m_FxEnabled":true},"in2DMode":false,"pivot":{"x":70.77146911621094,"y":30.387895584106447,"z":-43.99363708496094},"rotation":{"x":-0.017092257738113405,"y":0.9278664588928223,"z":-0.04323425143957138,"w":-0.37043288350105288},"size":20.403179168701173,"orthographic":false}