{"cameraMode":{"drawMode":0,"name":"Shaded","section":"Shading Mode"},"sceneLighting":true,"audioPlay":false,"sceneViewState":{"showFog":true,"showMaterialUpdate":false,"showSkybox":true,"showFlares":true,"showImageEffects":true,"showParticleSystems":true,"showVisualEffectGraphs":true,"m_FxEnabled":true},"in2DMode":false,"pivot":{"x":17.965564727783204,"y":-0.10692501068115235,"z":-19.58828353881836},"rotation":{"x":-0.16681206226348878,"y":0.42347410321235659,"z":-0.07989596575498581,"w":-0.8870057463645935},"size":19.069604873657228,"orthographic":false}