{"cameraMode":{"drawMode":0,"name":"Shaded","section":"Shading Mode"},"sceneLighting":true,"audioPlay":false,"sceneViewState":{"showFog":true,"showMaterialUpdate":false,"showSkybox":true,"showFlares":true,"showImageEffects":true,"showParticleSystems":true,"showVisualEffectGraphs":true,"m_FxEnabled":true},"in2DMode":false,"pivot":{"x":43.80404281616211,"y":10.677276611328125,"z":-108.714111328125},"rotation":{"x":0.0008609790820628405,"y":0.9837766289710999,"z":-0.17933212220668794,"w":0.004722901154309511},"size":12.12435531616211,"orthographic":false}