{"cameraMode":{"drawMode":0,"name":"Shaded","section":"Shading Mode"},"sceneLighting":false,"audioPlay":false,"sceneViewState":{"showFog":true,"showMaterialUpdate":false,"showSkybox":false,"showFlares":true,"showImageEffects":true,"showParticleSystems":true,"showVisualEffectGraphs":true,"m_FxEnabled":true},"in2DMode":false,"pivot":{"x":32.79515075683594,"y":7.458850383758545,"z":127.46366882324219},"rotation":{"x":-0.010641082189977169,"y":0.9830447435379028,"z":-0.17279718816280366,"w":-0.06053359434008598},"size":19.895484924316408,"orthographic":false}