{"cameraMode":{"drawMode":0,"name":"Shaded","section":"Shading Mode"},"sceneLighting":false,"audioPlay":false,"sceneViewState":{"showFog":true,"showMaterialUpdate":false,"showSkybox":false,"showFlares":true,"showImageEffects":true,"showParticleSystems":true,"showVisualEffectGraphs":true,"m_FxEnabled":true},"in2DMode":false,"pivot":{"x":39.81439208984375,"y":9.083335876464844,"z":-113.37466430664063},"rotation":{"x":-0.0013675324153155089,"y":0.3084036707878113,"z":-0.0006446855841204524,"w":-0.9514220952987671},"size":3.3073947429656984,"orthographic":false}