{"cameraMode":{"drawMode":0,"name":"Shaded","section":"Shading Mode"},"sceneLighting":false,"audioPlay":false,"sceneViewState":{"showFog":true,"showMaterialUpdate":false,"showSkybox":false,"showFlares":true,"showImageEffects":true,"showParticleSystems":true,"showVisualEffectGraphs":true,"m_FxEnabled":true},"in2DMode":false,"pivot":{"x":66.0863265991211,"y":11.349514961242676,"z":113.1058578491211},"rotation":{"x":0.006790716201066971,"y":-0.9851115345954895,"z":0.04023238644003868,"w":0.16736575961112977},"size":0.000014400166037376039,"orthographic":false}